timestamp,speaker,words,tags
,BR,"Once upon a snowy village nestled between frosted peaks lived two spirited dogs, Bailey and Max. The village bustled with excitement as the holiday season approached. But something was missing?Christmas Ham Mountain, where legend claimed the most delectable hams were magically crafted for the holiday feast.",location; dogs; positive emotion; holiday; ham; magic
[01:10],CF,"Bailey, a swift and adventurous Husky, wagged her tail eagerly as she shared the ancient tale of the mountain's location with Max, her loyal and curious Beagle companion. Their eyes sparkled with the prospect of an epic quest.",dogs; positive emotion; story; journey
,BR,"""Imagine the aroma of those hams, Max!"" Bailey barked, her excitement contagious.",ham; positive emotion
[01:43],CF,"Without hesitation, the duo embarked on their quest. Through the snowy woods and across frozen streams, they ventured, their paws leaving imprints in the pristine snow. Their journey was adorned with breathtaking landscapes?glistening icicles hanging from branches, and the soft glow of distant stars illuminating their path.",journey; location; positive emotion
,BR,"As they trekked deeper into the wilderness, challenges emerged. A treacherous gorge blocked their way. Bailey, undeterred, leaped across with grace, but Max hesitated, his ears drooping with uncertainty. With unwavering determination, Bailey circled back, encouraging Max with gentle nudges and heartfelt barks until, with a brave leap, Max bounded across to join her.",journey; location; negative emotion; overcoming barriers; friendship
[02:43],CF,"Their perseverance paid off as they stumbled upon a hidden trail, winding upward toward a towering peak dusted with snow. At its summit stood Christmas Ham Mountain, adorned with shimmering icicles that resembled delicate crystal ornaments.",journey; location
,BR,"The aroma of succulent hams wafted through the crisp air as they reached the mountaintop. Bailey and Max marveled at the sight?a banquet of mouthwatering hams spread across the snowy landscape, surrounded by twinkling lights that seemed to dance in celebration.",ham; location; positive emotion
[03:43],CF,"With hearts full of joy, they carried a ham each in their mouths, carefully making their way back to the village. The villagers greeted them with cheers and laughter as the aroma of the legendary Christmas hams filled the air, marking the start of a holiday feast filled with warmth, friendship, and the sweet taste of adventure.",journey; location; positive emotion
,BR,"Bailey and Max, hailed as heroes, nestled among the villagers, content in the knowledge that the magic of Christmas was not just in the hams but in the bonds they shared and the journey they undertook together.",friendship; ham
